team_id,season,location,cover_ind,games
ATL,2000,Away,0,5
ATL,2000,Away,1,3
ATL,2000,Home,0,5
ATL,2000,Home,1,3
ATL,2001,Away,0,4
ATL,2001,Away,1,4
ATL,2001,Home,0,6
ATL,2001,Home,1,2
ATL,2002,Away,0,2
ATL,2002,Away,1,6
ATL,2002,Home,0,4
ATL,2002,Home,1,4
ATL,2003,Away,0,4
ATL,2003,Away,1,4
ATL,2003,Home,0,6
ATL,2003,Home,1,2
ATL,2004,Away,0,4
ATL,2004,Away,1,4
ATL,2004,Home,0,5
ATL,2004,Home,1,3
ATL,2005,Away,0,4
ATL,2005,Away,1,3
ATL,2005,Home,0,4
ATL,2005,Home,1,4
ATL,2006,Away,0,3
ATL,2006,Away,1,5
ATL,2006,Home,0,5
ATL,2006,Home,1,3
ATL,2007,Away,0,3
ATL,2007,Away,1,5
ATL,2007,Home,0,5
ATL,2007,Home,1,3
ATL,2008,Away,0,4
ATL,2008,Away,1,4
ATL,2008,Home,0,3
ATL,2008,Home,1,5
ATL,2009,Away,0,3
ATL,2009,Away,1,5
ATL,2009,Home,0,2
ATL,2009,Home,1,6
ATL,2010,Away,0,2
ATL,2010,Away,1,6
ATL,2010,Home,0,3
ATL,2010,Home,1,5
ATL,2011,Away,0,5
ATL,2011,Away,1,3
ATL,2011,Home,0,4
ATL,2011,Home,1,4
ATL,2012,Away,0,3
ATL,2012,Away,1,5
ATL,2012,Home,0,4
ATL,2012,Home,1,4
ATL,2013,Away,0,5
ATL,2013,Away,1,2
ATL,2013,Home,0,4
ATL,2013,Home,1,4
ATL,2014,Away,0,5
ATL,2014,Away,1,3
ATL,2014,Home,0,4
ATL,2014,Home,1,3
ATL,2015,Away,0,5
ATL,2015,Away,1,3
ATL,2015,Home,0,5
ATL,2015,Home,1,3
ATL,2016,Away,0,1
ATL,2016,Away,1,7
ATL,2016,Home,0,5
ATL,2016,Home,1,3
ATL,2017,Away,0,5
ATL,2017,Away,1,3
ATL,2017,Home,0,3
ATL,2017,Home,1,5
ATL,2018,Away,0,6
ATL,2018,Away,1,2
ATL,2018,Home,0,5
ATL,2018,Home,1,3
ATL,2019,Away,0,4
ATL,2019,Away,1,4
ATL,2019,Home,0,4
ATL,2019,Home,1,4
BUF,2000,Away,0,4
BUF,2000,Away,1,4
BUF,2000,Home,0,5
BUF,2000,Home,1,3
BUF,2001,Away,0,4
BUF,2001,Away,1,4
BUF,2001,Home,0,6
BUF,2001,Home,1,2
BUF,2002,Away,0,4
BUF,2002,Away,1,4
BUF,2002,Home,0,4
BUF,2002,Home,1,4
BUF,2003,Away,0,5
BUF,2003,Away,1,3
BUF,2003,Home,0,5
BUF,2003,Home,1,3
BUF,2004,Away,0,2
BUF,2004,Away,1,6
BUF,2004,Home,0,3
BUF,2004,Home,1,5
BUF,2005,Away,0,4
BUF,2005,Away,1,3
BUF,2005,Home,0,4
BUF,2005,Home,1,4
BUF,2006,Away,0,3
BUF,2006,Away,1,5
BUF,2006,Home,0,3
BUF,2006,Home,1,5
BUF,2007,Away,0,4
BUF,2007,Away,1,4
BUF,2007,Home,0,2
BUF,2007,Home,1,6
BUF,2008,Away,0,3
BUF,2008,Away,1,5
BUF,2008,Home,0,5
BUF,2008,Home,1,2
BUF,2009,Away,0,3
BUF,2009,Away,1,5
BUF,2009,Home,0,4
BUF,2009,Home,1,3
BUF,2010,Away,0,3
BUF,2010,Away,1,5
BUF,2010,Home,0,4
BUF,2010,Home,1,3
BUF,2011,Away,0,6
BUF,2011,Away,1,2
BUF,2011,Home,0,4
BUF,2011,Home,1,3
BUF,2012,Away,0,5
BUF,2012,Away,1,3
BUF,2012,Home,0,3
BUF,2012,Home,1,4
BUF,2013,Away,0,6
BUF,2013,Away,1,2
BUF,2013,Home,0,1
BUF,2013,Home,1,6
BUF,2014,Away,0,3
BUF,2014,Away,1,5
BUF,2014,Home,0,4
BUF,2014,Home,1,4
BUF,2015,Away,0,5
BUF,2015,Away,1,2
BUF,2015,Home,0,3
BUF,2015,Home,1,5
BUF,2016,Away,0,5
BUF,2016,Away,1,3
BUF,2016,Home,0,5
BUF,2016,Home,1,3
BUF,2017,Away,0,4
BUF,2017,Away,1,4
BUF,2017,Home,0,4
BUF,2017,Home,1,4
BUF,2018,Away,0,4
BUF,2018,Away,1,4
BUF,2018,Home,0,5
BUF,2018,Home,1,3
BUF,2019,Away,0,2
BUF,2019,Away,1,6
BUF,2019,Home,0,5
BUF,2019,Home,1,3
CLE,2000,Away,0,6
CLE,2000,Away,1,2
CLE,2000,Home,0,5
CLE,2000,Home,1,3
CLE,2001,Away,0,5
CLE,2001,Away,1,3
CLE,2001,Home,0,3
CLE,2001,Home,1,5
CLE,2002,Away,0,1
CLE,2002,Away,1,7
CLE,2002,Home,0,4
CLE,2002,Home,1,4
CLE,2003,Away,0,4
CLE,2003,Away,1,4
CLE,2003,Home,0,6
CLE,2003,Home,1,2
CLE,2004,Away,0,6
CLE,2004,Away,1,2
CLE,2004,Home,0,4
CLE,2004,Home,1,4
CLE,2005,Away,0,4
CLE,2005,Away,1,4
CLE,2005,Home,0,4
CLE,2005,Home,1,4
CLE,2006,Away,0,4
CLE,2006,Away,1,4
CLE,2006,Home,0,5
CLE,2006,Home,1,3
CLE,2007,Away,0,3
CLE,2007,Away,1,5
CLE,2007,Home,0,1
CLE,2007,Home,1,7
CLE,2008,Away,0,4
CLE,2008,Away,1,4
CLE,2008,Home,0,6
CLE,2008,Home,1,2
CLE,2009,Away,0,3
CLE,2009,Away,1,5
CLE,2009,Home,0,3
CLE,2009,Home,1,5
CLE,2010,Away,0,5
CLE,2010,Away,1,3
CLE,2010,Home,0,6
CLE,2010,Home,1,2
CLE,2011,Away,0,3
CLE,2011,Away,1,5
CLE,2011,Home,0,5
CLE,2011,Home,1,3
CLE,2012,Away,0,5
CLE,2012,Away,1,3
CLE,2012,Home,0,3
CLE,2012,Home,1,5
CLE,2013,Away,0,5
CLE,2013,Away,1,3
CLE,2013,Home,0,5
CLE,2013,Home,1,3
CLE,2014,Away,0,3
CLE,2014,Away,1,5
CLE,2014,Home,0,4
CLE,2014,Home,1,4
CLE,2015,Away,0,5
CLE,2015,Away,1,3
CLE,2015,Home,0,5
CLE,2015,Home,1,3
CLE,2016,Away,0,6
CLE,2016,Away,1,2
CLE,2016,Home,0,7
CLE,2016,Home,1,1
CLE,2017,Away,0,6
CLE,2017,Away,1,2
CLE,2017,Home,0,5
CLE,2017,Home,1,2
CLE,2018,Away,0,3
CLE,2018,Away,1,5
CLE,2018,Home,0,3
CLE,2018,Home,1,5
CLE,2019,Away,0,6
CLE,2019,Away,1,2
CLE,2019,Home,0,5
CLE,2019,Home,1,3
DAL,2000,Away,0,5
DAL,2000,Away,1,3
DAL,2000,Home,0,4
DAL,2000,Home,1,4
DAL,2001,Away,0,5
DAL,2001,Away,1,3
DAL,2001,Home,0,3
DAL,2001,Home,1,5
DAL,2002,Away,0,4
DAL,2002,Away,1,4
DAL,2002,Home,0,4
DAL,2002,Home,1,4
DAL,2003,Away,0,4
DAL,2003,Away,1,4
DAL,2003,Home,0,3
DAL,2003,Home,1,5
DAL,2004,Away,0,5
DAL,2004,Away,1,3
DAL,2004,Home,0,4
DAL,2004,Home,1,4
DAL,2005,Away,0,5
DAL,2005,Away,1,3
DAL,2005,Home,0,5
DAL,2005,Home,1,3
DAL,2006,Away,0,4
DAL,2006,Away,1,4
DAL,2006,Home,0,4
DAL,2006,Home,1,4
DAL,2007,Away,0,4
DAL,2007,Away,1,4
DAL,2007,Home,0,3
DAL,2007,Home,1,5
DAL,2008,Away,0,5
DAL,2008,Away,1,3
DAL,2008,Home,0,4
DAL,2008,Home,1,4
DAL,2009,Away,0,4
DAL,2009,Away,1,4
DAL,2009,Home,0,3
DAL,2009,Home,1,5
DAL,2010,Away,0,4
DAL,2010,Away,1,4
DAL,2010,Home,0,5
DAL,2010,Home,1,3
DAL,2011,Away,0,5
DAL,2011,Away,1,3
DAL,2011,Home,0,6
DAL,2011,Home,1,2
DAL,2012,Away,0,3
DAL,2012,Away,1,5
DAL,2012,Home,0,7
DAL,2012,Home,1,1
DAL,2013,Away,0,4
DAL,2013,Away,1,4
DAL,2013,Home,0,3
DAL,2013,Home,1,5
DAL,2014,Away,0,1
DAL,2014,Away,1,6
DAL,2014,Home,0,5
DAL,2014,Home,1,3
DAL,2015,Away,0,5
DAL,2015,Away,1,3
DAL,2015,Home,0,6
DAL,2015,Home,1,2
DAL,2016,Away,0,3
DAL,2016,Away,1,5
DAL,2016,Home,0,3
DAL,2016,Home,1,5
DAL,2017,Away,0,3
DAL,2017,Away,1,5
DAL,2017,Home,0,5
DAL,2017,Home,1,3
DAL,2018,Away,0,4
DAL,2018,Away,1,4
DAL,2018,Home,0,3
DAL,2018,Home,1,5
DAL,2019,Away,0,4
DAL,2019,Away,1,4
DAL,2019,Home,0,3
DAL,2019,Home,1,5
GB,2000,Away,0,4
GB,2000,Away,1,4
GB,2000,Home,0,4
GB,2000,Home,1,4
GB,2001,Away,0,4
GB,2001,Away,1,4
GB,2001,Home,0,3
GB,2001,Home,1,5
GB,2002,Away,0,5
GB,2002,Away,1,3
GB,2002,Home,0,3
GB,2002,Home,1,5
GB,2003,Away,0,3
GB,2003,Away,1,5
GB,2003,Home,0,3
GB,2003,Home,1,5
GB,2004,Away,0,3
GB,2004,Away,1,5
GB,2004,Home,0,6
GB,2004,Home,1,2
GB,2005,Away,0,7
GB,2005,Away,1,1
GB,2005,Home,0,5
GB,2005,Home,1,3
GB,2006,Away,0,3
GB,2006,Away,1,5
GB,2006,Home,0,6
GB,2006,Home,1,2
GB,2007,Away,0,2
GB,2007,Away,1,6
GB,2007,Home,0,2
GB,2007,Home,1,6
GB,2008,Away,0,3
GB,2008,Away,1,5
GB,2008,Home,0,5
GB,2008,Home,1,3
GB,2009,Away,0,2
GB,2009,Away,1,6
GB,2009,Home,0,3
GB,2009,Home,1,5
GB,2010,Away,0,4
GB,2010,Away,1,4
GB,2010,Home,0,3
GB,2010,Home,1,5
GB,2011,Away,0,4
GB,2011,Away,1,4
GB,2011,Home,0,1
GB,2011,Home,1,7
GB,2012,Away,0,4
GB,2012,Away,1,4
GB,2012,Home,0,3
GB,2012,Home,1,5
GB,2013,Away,0,5
GB,2013,Away,1,3
GB,2013,Home,0,5
GB,2013,Home,1,3
GB,2014,Away,0,5
GB,2014,Away,1,3
GB,2014,Home,0,2
GB,2014,Home,1,6
GB,2015,Away,0,3
GB,2015,Away,1,5
GB,2015,Home,0,4
GB,2015,Home,1,4
GB,2016,Away,0,4
GB,2016,Away,1,4
GB,2016,Home,0,3
GB,2016,Home,1,5
GB,2017,Away,0,4
GB,2017,Away,1,4
GB,2017,Home,0,5
GB,2017,Home,1,3
GB,2018,Away,0,6
GB,2018,Away,1,2
GB,2018,Home,0,4
GB,2018,Home,1,4
GB,2019,Away,0,3
GB,2019,Away,1,5
GB,2019,Home,0,3
GB,2019,Home,1,5
KC,2000,Away,0,5
KC,2000,Away,1,3
KC,2000,Home,0,4
KC,2000,Home,1,4
KC,2001,Away,0,3
KC,2001,Away,1,5
KC,2001,Home,0,6
KC,2001,Home,1,2
KC,2002,Away,0,3
KC,2002,Away,1,5
KC,2002,Home,0,3
KC,2002,Home,1,5
KC,2003,Away,0,4
KC,2003,Away,1,4
KC,2003,Home,0,2
KC,2003,Home,1,6
KC,2004,Away,0,5
KC,2004,Away,1,3
KC,2004,Home,0,5
KC,2004,Home,1,3
KC,2005,Away,0,5
KC,2005,Away,1,3
KC,2005,Home,0,2
KC,2005,Home,1,6
KC,2006,Away,0,5
KC,2006,Away,1,3
KC,2006,Home,0,3
KC,2006,Home,1,5
KC,2007,Away,0,3
KC,2007,Away,1,5
KC,2007,Home,0,7
KC,2007,Home,1,1
KC,2008,Away,0,3
KC,2008,Away,1,5
KC,2008,Home,0,5
KC,2008,Home,1,3
KC,2009,Away,0,3
KC,2009,Away,1,5
KC,2009,Home,0,6
KC,2009,Home,1,2
KC,2010,Away,0,4
KC,2010,Away,1,4
KC,2010,Home,0,3
KC,2010,Home,1,5
KC,2011,Away,0,3
KC,2011,Away,1,5
KC,2011,Home,0,4
KC,2011,Home,1,4
KC,2012,Away,0,6
KC,2012,Away,1,2
KC,2012,Home,0,5
KC,2012,Home,1,3
KC,2013,Away,0,1
KC,2013,Away,1,7
KC,2013,Home,0,6
KC,2013,Home,1,2
KC,2014,Away,0,4
KC,2014,Away,1,4
KC,2014,Home,0,2
KC,2014,Home,1,6
KC,2015,Away,0,3
KC,2015,Away,1,5
KC,2015,Home,0,5
KC,2015,Home,1,2
KC,2016,Away,0,2
KC,2016,Away,1,6
KC,2016,Home,0,5
KC,2016,Home,1,3
KC,2017,Away,0,4
KC,2017,Away,1,4
KC,2017,Home,0,2
KC,2017,Home,1,6
KC,2018,Away,0,3
KC,2018,Away,1,5
KC,2018,Home,0,4
KC,2018,Home,1,4
KC,2019,Away,0,2
KC,2019,Away,1,5
KC,2019,Home,0,4
KC,2019,Home,1,4
MIA,2000,Away,0,3
MIA,2000,Away,1,5
MIA,2000,Home,0,3
MIA,2000,Home,1,5
MIA,2001,Away,0,4
MIA,2001,Away,1,4
MIA,2001,Home,0,2
MIA,2001,Home,1,6
MIA,2002,Away,0,6
MIA,2002,Away,1,2
MIA,2002,Home,0,1
MIA,2002,Home,1,7
MIA,2003,Away,0,2
MIA,2003,Away,1,5
MIA,2003,Home,0,7
MIA,2003,Home,1,1
MIA,2004,Away,0,3
MIA,2004,Away,1,5
MIA,2004,Home,0,6
MIA,2004,Home,1,2
MIA,2005,Away,0,4
MIA,2005,Away,1,4
MIA,2005,Home,0,5
MIA,2005,Home,1,3
MIA,2006,Away,0,5
MIA,2006,Away,1,3
MIA,2006,Home,0,5
MIA,2006,Home,1,3
MIA,2007,Away,0,5
MIA,2007,Away,1,3
MIA,2007,Home,0,6
MIA,2007,Home,1,1
MIA,2008,Away,0,2
MIA,2008,Away,1,5
MIA,2008,Home,0,6
MIA,2008,Home,1,2
MIA,2009,Away,0,3
MIA,2009,Away,1,5
MIA,2009,Home,0,5
MIA,2009,Home,1,3
MIA,2010,Away,0,2
MIA,2010,Away,1,6
MIA,2010,Home,0,6
MIA,2010,Home,1,2
MIA,2011,Away,0,3
MIA,2011,Away,1,5
MIA,2011,Home,0,5
MIA,2011,Home,1,3
MIA,2012,Away,0,5
MIA,2012,Away,1,3
MIA,2012,Home,0,3
MIA,2012,Home,1,5
MIA,2013,Away,0,4
MIA,2013,Away,1,4
MIA,2013,Home,0,4
MIA,2013,Home,1,4
MIA,2014,Away,0,4
MIA,2014,Away,1,3
MIA,2014,Home,0,5
MIA,2014,Home,1,3
MIA,2015,Away,0,5
MIA,2015,Away,1,3
MIA,2015,Home,0,5
MIA,2015,Home,1,2
MIA,2016,Away,0,3
MIA,2016,Away,1,5
MIA,2016,Home,0,4
MIA,2016,Home,1,4
MIA,2017,Away,0,6
MIA,2017,Away,1,2
MIA,2017,Home,0,4
MIA,2017,Home,1,3
MIA,2018,Away,0,6
MIA,2018,Away,1,2
MIA,2018,Home,0,2
MIA,2018,Home,1,6
MIA,2019,Away,0,3
MIA,2019,Away,1,5
MIA,2019,Home,0,4
MIA,2019,Home,1,4
MIN,2000,Away,0,4
MIN,2000,Away,1,4
MIN,2000,Home,0,4
MIN,2000,Home,1,4
MIN,2001,Away,0,6
MIN,2001,Away,1,2
MIN,2001,Home,0,4
MIN,2001,Home,1,4
MIN,2002,Away,0,4
MIN,2002,Away,1,4
MIN,2002,Home,0,4
MIN,2002,Home,1,4
MIN,2003,Away,0,5
MIN,2003,Away,1,3
MIN,2003,Home,0,3
MIN,2003,Home,1,5
MIN,2004,Away,0,4
MIN,2004,Away,1,4
MIN,2004,Home,0,5
MIN,2004,Home,1,3
MIN,2005,Away,0,5
MIN,2005,Away,1,3
MIN,2005,Home,0,2
MIN,2005,Home,1,6
MIN,2006,Away,0,4
MIN,2006,Away,1,4
MIN,2006,Home,0,5
MIN,2006,Home,1,3
MIN,2007,Away,0,5
MIN,2007,Away,1,3
MIN,2007,Home,0,4
MIN,2007,Home,1,4
MIN,2008,Away,0,5
MIN,2008,Away,1,3
MIN,2008,Home,0,5
MIN,2008,Home,1,3
MIN,2009,Away,0,4
MIN,2009,Away,1,4
MIN,2009,Home,0,3
MIN,2009,Home,1,5
MIN,2010,Away,0,6
MIN,2010,Away,1,2
MIN,2010,Home,0,4
MIN,2010,Home,1,3
MIN,2011,Away,0,4
MIN,2011,Away,1,4
MIN,2011,Home,0,6
MIN,2011,Home,1,2
MIN,2012,Away,0,5
MIN,2012,Away,1,3
MIN,2012,Home,0,2
MIN,2012,Home,1,6
MIN,2013,Away,0,4
MIN,2013,Away,1,4
MIN,2013,Home,0,3
MIN,2013,Home,1,4
MIN,2014,Away,0,3
MIN,2014,Away,1,5
MIN,2014,Home,0,3
MIN,2014,Home,1,5
MIN,2015,Away,0,1
MIN,2015,Away,1,7
MIN,2015,Home,0,2
MIN,2015,Home,1,6
MIN,2016,Away,0,5
MIN,2016,Away,1,3
MIN,2016,Home,0,2
MIN,2016,Home,1,6
MIN,2017,Away,0,3
MIN,2017,Away,1,4
MIN,2017,Home,0,2
MIN,2017,Home,1,6
MIN,2018,Away,0,4
MIN,2018,Away,1,4
MIN,2018,Home,0,4
MIN,2018,Home,1,4
MIN,2019,Away,0,4
MIN,2019,Away,1,4
MIN,2019,Home,0,3
MIN,2019,Home,1,5
NE,2000,Away,0,4
NE,2000,Away,1,4
NE,2000,Home,0,5
NE,2000,Home,1,3
NE,2001,Away,0,4
NE,2001,Away,1,4
NE,2001,Home,0,1
NE,2001,Home,1,7
NE,2002,Away,0,5
NE,2002,Away,1,3
NE,2002,Home,0,5
NE,2002,Home,1,3
NE,2003,Away,0,2
NE,2003,Away,1,6
NE,2003,Home,1,8
NE,2004,Away,0,2
NE,2004,Away,1,6
NE,2004,Home,0,3
NE,2004,Home,1,5
NE,2005,Away,0,3
NE,2005,Away,1,5
NE,2005,Home,0,5
NE,2005,Home,1,3
NE,2006,Away,0,1
NE,2006,Away,1,7
NE,2006,Home,0,5
NE,2006,Home,1,3
NE,2007,Away,0,3
NE,2007,Away,1,5
NE,2007,Home,0,3
NE,2007,Home,1,5
NE,2008,Away,0,2
NE,2008,Away,1,6
NE,2008,Home,0,5
NE,2008,Home,1,3
NE,2009,Away,0,5
NE,2009,Away,1,2
NE,2009,Home,0,3
NE,2009,Home,1,5
NE,2010,Away,0,2
NE,2010,Away,1,6
NE,2010,Home,0,4
NE,2010,Home,1,4
NE,2011,Away,0,3
NE,2011,Away,1,5
NE,2011,Home,0,4
NE,2011,Home,1,4
NE,2012,Away,0,3
NE,2012,Away,1,4
NE,2012,Home,0,4
NE,2012,Home,1,4
NE,2013,Away,0,6
NE,2013,Away,1,2
NE,2013,Home,0,2
NE,2013,Home,1,6
NE,2014,Away,0,4
NE,2014,Away,1,4
NE,2014,Home,0,3
NE,2014,Home,1,5
NE,2015,Away,0,5
NE,2015,Away,1,3
NE,2015,Home,0,4
NE,2015,Home,1,4
NE,2016,Away,0,1
NE,2016,Away,1,7
NE,2016,Home,0,2
NE,2016,Home,1,6
NE,2017,Away,0,3
NE,2017,Away,1,4
NE,2017,Home,0,3
NE,2017,Home,1,5
NE,2018,Away,0,5
NE,2018,Away,1,3
NE,2018,Home,0,2
NE,2018,Home,1,6
NE,2019,Away,0,3
NE,2019,Away,1,5
NE,2019,Home,0,4
NE,2019,Home,1,4
NO,2000,Away,0,1
NO,2000,Away,1,7
NO,2000,Home,0,5
NO,2000,Home,1,3
NO,2001,Away,0,4
NO,2001,Away,1,4
NO,2001,Home,0,6
NO,2001,Home,1,2
NO,2002,Away,0,3
NO,2002,Away,1,5
NO,2002,Home,0,5
NO,2002,Home,1,3
NO,2003,Away,0,3
NO,2003,Away,1,5
NO,2003,Home,0,4
NO,2003,Home,1,4
NO,2004,Away,0,2
NO,2004,Away,1,6
NO,2004,Home,0,6
NO,2004,Home,1,2
NO,2005,Away,0,6
NO,2005,Away,1,3
NO,2005,Home,0,4
NO,2006,Away,0,1
NO,2006,Away,1,7
NO,2006,Home,0,5
NO,2006,Home,1,3
NO,2007,Away,0,4
NO,2007,Away,1,4
NO,2007,Home,0,6
NO,2007,Home,1,2
NO,2008,Away,0,4
NO,2008,Away,1,4
NO,2008,Home,0,2
NO,2008,Home,1,5
NO,2009,Away,0,4
NO,2009,Away,1,4
NO,2009,Home,0,4
NO,2009,Home,1,4
NO,2010,Away,0,5
NO,2010,Away,1,3
NO,2010,Home,0,5
NO,2010,Home,1,3
NO,2011,Away,0,4
NO,2011,Away,1,4
NO,2011,Home,1,8
NO,2012,Away,0,4
NO,2012,Away,1,4
NO,2012,Home,0,4
NO,2012,Home,1,4
NO,2013,Away,0,7
NO,2013,Away,1,1
NO,2013,Home,0,1
NO,2013,Home,1,7
NO,2014,Away,0,4
NO,2014,Away,1,4
NO,2014,Home,0,6
NO,2014,Home,1,2
NO,2015,Away,0,4
NO,2015,Away,1,4
NO,2015,Home,0,4
NO,2015,Home,1,4
NO,2016,Away,0,1
NO,2016,Away,1,7
NO,2016,Home,0,4
NO,2016,Home,1,4
NO,2017,Away,0,4
NO,2017,Away,1,3
NO,2017,Home,0,4
NO,2017,Home,1,4
NO,2018,Away,0,2
NO,2018,Away,1,6
NO,2018,Home,0,4
NO,2018,Home,1,4
NO,2019,Away,0,1
NO,2019,Away,1,7
NO,2019,Home,0,4
NO,2019,Home,1,4
NYG,2000,Away,0,2
NYG,2000,Away,1,6
NYG,2000,Home,0,5
NYG,2000,Home,1,3
NYG,2001,Away,0,4
NYG,2001,Away,1,4
NYG,2001,Home,0,7
NYG,2001,Home,1,1
NYG,2002,Away,0,3
NYG,2002,Away,1,5
NYG,2002,Home,0,4
NYG,2002,Home,1,4
NYG,2003,Away,0,6
NYG,2003,Away,1,2
NYG,2003,Home,0,7
NYG,2003,Home,1,1
NYG,2004,Away,0,4
NYG,2004,Away,1,4
NYG,2004,Home,0,4
NYG,2004,Home,1,4
NYG,2005,Away,0,3
NYG,2005,Away,1,4
NYG,2005,Home,0,2
NYG,2005,Home,1,7
NYG,2006,Away,0,3
NYG,2006,Away,1,5
NYG,2006,Home,0,5
NYG,2006,Home,1,3
NYG,2007,Away,0,1
NYG,2007,Away,1,6
NYG,2007,Home,0,4
NYG,2007,Home,1,4
NYG,2008,Away,0,2
NYG,2008,Away,1,6
NYG,2008,Home,0,2
NYG,2008,Home,1,6
NYG,2009,Away,0,4
NYG,2009,Away,1,4
NYG,2009,Home,0,6
NYG,2009,Home,1,2
NYG,2010,Away,0,4
NYG,2010,Away,1,3
NYG,2010,Home,0,5
NYG,2010,Home,1,3
NYG,2011,Away,0,3
NYG,2011,Away,1,5
NYG,2011,Home,0,5
NYG,2011,Home,1,3
NYG,2012,Away,0,5
NYG,2012,Away,1,3
NYG,2012,Home,0,4
NYG,2012,Home,1,4
NYG,2013,Away,0,4
NYG,2013,Away,1,4
NYG,2013,Home,0,5
NYG,2013,Home,1,3
NYG,2014,Away,0,5
NYG,2014,Away,1,3
NYG,2014,Home,0,4
NYG,2014,Home,1,4
NYG,2015,Away,0,4
NYG,2015,Away,1,4
NYG,2015,Home,0,4
NYG,2015,Home,1,4
NYG,2016,Away,0,5
NYG,2016,Away,1,2
NYG,2016,Home,0,3
NYG,2016,Home,1,5
NYG,2017,Away,0,4
NYG,2017,Away,1,4
NYG,2017,Home,0,5
NYG,2017,Home,1,3
NYG,2018,Away,0,1
NYG,2018,Away,1,7
NYG,2018,Home,0,7
NYG,2018,Home,1,1
NYG,2019,Away,0,3
NYG,2019,Away,1,5
NYG,2019,Home,0,6
NYG,2019,Home,1,2
OAK,2000,Away,0,4
OAK,2000,Away,1,4
OAK,2000,Home,0,2
OAK,2000,Home,1,6
OAK,2001,Away,0,4
OAK,2001,Away,1,4
OAK,2001,Home,0,5
OAK,2001,Home,1,3
OAK,2002,Away,0,3
OAK,2002,Away,1,5
OAK,2002,Home,0,3
OAK,2002,Home,1,5
OAK,2003,Away,0,7
OAK,2003,Away,1,1
OAK,2003,Home,0,6
OAK,2003,Home,1,2
OAK,2004,Away,0,4
OAK,2004,Away,1,4
OAK,2004,Home,0,6
OAK,2004,Home,1,2
OAK,2005,Away,0,4
OAK,2005,Away,1,4
OAK,2005,Home,0,6
OAK,2005,Home,1,2
OAK,2006,Away,0,5
OAK,2006,Away,1,3
OAK,2006,Home,0,5
OAK,2006,Home,1,3
OAK,2007,Away,0,4
OAK,2007,Away,1,4
OAK,2007,Home,0,6
OAK,2007,Home,1,2
OAK,2008,Away,0,3
OAK,2008,Away,1,5
OAK,2008,Home,0,6
OAK,2008,Home,1,2
OAK,2009,Away,0,4
OAK,2009,Away,1,4
OAK,2009,Home,0,4
OAK,2009,Home,1,4
OAK,2010,Away,0,4
OAK,2010,Away,1,4
OAK,2010,Home,0,4
OAK,2010,Home,1,4
OAK,2011,Away,0,2
OAK,2011,Away,1,6
OAK,2011,Home,0,4
OAK,2011,Home,1,4
OAK,2012,Away,0,5
OAK,2012,Away,1,3
OAK,2012,Home,0,6
OAK,2012,Home,1,2
OAK,2013,Away,0,3
OAK,2013,Away,1,5
OAK,2013,Home,0,5
OAK,2013,Home,1,3
OAK,2014,Away,0,4
OAK,2014,Away,1,4
OAK,2014,Home,0,3
OAK,2014,Home,1,4
OAK,2015,Away,0,2
OAK,2015,Away,1,6
OAK,2015,Home,0,6
OAK,2015,Home,1,2
OAK,2016,Away,0,2
OAK,2016,Away,1,6
OAK,2016,Home,0,4
OAK,2016,Home,1,3
OAK,2017,Away,0,6
OAK,2017,Away,1,2
OAK,2017,Home,0,4
OAK,2017,Home,1,3
OAK,2018,Away,0,6
OAK,2018,Away,1,2
OAK,2018,Home,0,3
OAK,2018,Home,1,4
OAK,2019,Away,0,4
OAK,2019,Away,1,4
OAK,2019,Home,0,4
OAK,2019,Home,1,3
PIT,2000,Away,0,2
PIT,2000,Away,1,6
PIT,2000,Home,0,3
PIT,2000,Home,1,5
PIT,2001,Away,0,3
PIT,2001,Away,1,5
PIT,2001,Home,0,2
PIT,2001,Home,1,6
PIT,2002,Away,0,5
PIT,2002,Away,1,3
PIT,2002,Home,0,6
PIT,2002,Home,1,2
PIT,2003,Away,0,4
PIT,2003,Away,1,4
PIT,2003,Home,0,4
PIT,2003,Home,1,4
PIT,2004,Away,0,3
PIT,2004,Away,1,5
PIT,2004,Home,0,2
PIT,2004,Home,1,6
PIT,2005,Away,0,2
PIT,2005,Away,1,6
PIT,2005,Home,0,5
PIT,2005,Home,1,3
PIT,2006,Away,0,6
PIT,2006,Away,1,2
PIT,2006,Home,0,3
PIT,2006,Home,1,5
PIT,2007,Away,0,5
PIT,2007,Away,1,3
PIT,2007,Home,0,3
PIT,2007,Home,1,5
PIT,2008,Away,0,3
PIT,2008,Away,1,5
PIT,2008,Home,0,4
PIT,2008,Home,1,4
PIT,2009,Away,0,5
PIT,2009,Away,1,3
PIT,2009,Home,0,6
PIT,2009,Home,1,2
PIT,2010,Away,0,3
PIT,2010,Away,1,5
PIT,2010,Home,0,3
PIT,2010,Home,1,5
PIT,2011,Away,0,6
PIT,2011,Away,1,2
PIT,2011,Home,0,3
PIT,2011,Home,1,5
PIT,2012,Away,0,5
PIT,2012,Away,1,3
PIT,2012,Home,0,5
PIT,2012,Home,1,3
PIT,2013,Away,0,3
PIT,2013,Away,1,4
PIT,2013,Home,0,3
PIT,2013,Home,1,5
PIT,2014,Away,0,4
PIT,2014,Away,1,4
PIT,2014,Home,0,3
PIT,2014,Home,1,5
PIT,2015,Away,0,4
PIT,2015,Away,1,4
PIT,2015,Home,0,4
PIT,2015,Home,1,4
PIT,2016,Away,0,3
PIT,2016,Away,1,5
PIT,2016,Home,0,4
PIT,2016,Home,1,4
PIT,2017,Away,0,4
PIT,2017,Away,1,4
PIT,2017,Home,0,5
PIT,2017,Home,1,3
PIT,2018,Away,0,4
PIT,2018,Away,1,4
PIT,2018,Home,0,4
PIT,2018,Home,1,4
PIT,2019,Away,0,5
PIT,2019,Away,1,3
PIT,2019,Home,0,4
PIT,2019,Home,1,4
WAS,2000,Away,0,5
WAS,2000,Away,1,3
WAS,2000,Home,0,5
WAS,2000,Home,1,3
WAS,2001,Away,0,3
WAS,2001,Away,1,5
WAS,2001,Home,0,5
WAS,2001,Home,1,3
WAS,2002,Away,0,5
WAS,2002,Away,1,3
WAS,2002,Home,0,4
WAS,2002,Home,1,4
WAS,2003,Away,0,2
WAS,2003,Away,1,6
WAS,2003,Home,0,7
WAS,2003,Home,1,1
WAS,2004,Away,0,4
WAS,2004,Away,1,4
WAS,2004,Home,0,4
WAS,2004,Home,1,4
WAS,2005,Away,0,3
WAS,2005,Away,1,5
WAS,2005,Home,0,3
WAS,2005,Home,1,5
WAS,2006,Away,0,6
WAS,2006,Away,1,2
WAS,2006,Home,0,5
WAS,2006,Home,1,3
WAS,2007,Away,0,4
WAS,2007,Away,1,4
WAS,2007,Home,0,5
WAS,2007,Home,1,3
WAS,2008,Away,0,5
WAS,2008,Away,1,3
WAS,2008,Home,0,5
WAS,2008,Home,1,3
WAS,2009,Away,0,4
WAS,2009,Away,1,4
WAS,2009,Home,0,6
WAS,2009,Home,1,2
WAS,2010,Away,0,3
WAS,2010,Away,1,5
WAS,2010,Home,0,4
WAS,2010,Home,1,4
WAS,2011,Away,0,3
WAS,2011,Away,1,4
WAS,2011,Home,0,5
WAS,2011,Home,1,3
WAS,2012,Away,0,2
WAS,2012,Away,1,6
WAS,2012,Home,0,3
WAS,2012,Home,1,5
WAS,2013,Away,0,6
WAS,2013,Away,1,2
WAS,2013,Home,0,5
WAS,2013,Home,1,3
WAS,2014,Away,0,5
WAS,2014,Away,1,3
WAS,2014,Home,0,6
WAS,2014,Home,1,2
WAS,2015,Away,0,4
WAS,2015,Away,1,4
WAS,2015,Home,0,3
WAS,2015,Home,1,5
WAS,2016,Away,0,2
WAS,2016,Away,1,5
WAS,2016,Home,0,4
WAS,2016,Home,1,4
WAS,2017,Away,0,5
WAS,2017,Away,1,3
WAS,2017,Home,0,4
WAS,2017,Home,1,4
WAS,2018,Away,0,3
WAS,2018,Away,1,5
WAS,2018,Home,0,4
WAS,2018,Home,1,4
WAS,2019,Away,0,4
WAS,2019,Away,1,4
WAS,2019,Home,0,6
WAS,2019,Home,1,2
LAR,2000,Away,0,4
LAR,2000,Away,1,4
LAR,2000,Home,0,6
LAR,2000,Home,1,2
LAR,2001,Away,0,4
LAR,2001,Away,1,4
LAR,2001,Home,0,3
LAR,2001,Home,1,5
LAR,2002,Away,0,7
LAR,2002,Away,1,1
LAR,2002,Home,0,5
LAR,2002,Home,1,3
LAR,2003,Away,0,5
LAR,2003,Away,1,3
LAR,2003,Home,0,2
LAR,2003,Home,1,6
LAR,2004,Away,0,6
LAR,2004,Away,1,2
LAR,2004,Home,0,4
LAR,2004,Home,1,4
LAR,2005,Away,0,5
LAR,2005,Away,1,3
LAR,2005,Home,0,6
LAR,2005,Home,1,2
LAR,2006,Away,0,3
LAR,2006,Away,1,5
LAR,2006,Home,0,4
LAR,2006,Home,1,4
LAR,2007,Away,0,5
LAR,2007,Away,1,3
LAR,2007,Home,0,6
LAR,2007,Home,1,2
LAR,2008,Away,0,5
LAR,2008,Away,1,3
LAR,2008,Home,0,5
LAR,2008,Home,1,3
LAR,2009,Away,0,4
LAR,2009,Away,1,4
LAR,2009,Home,0,5
LAR,2009,Home,1,3
LAR,2010,Away,0,3
LAR,2010,Away,1,5
LAR,2010,Home,0,3
LAR,2010,Home,1,5
LAR,2011,Away,0,7
LAR,2011,Away,1,1
LAR,2011,Home,0,6
LAR,2011,Home,1,2
LAR,2012,Away,0,1
LAR,2012,Away,1,7
LAR,2012,Home,0,3
LAR,2012,Home,1,4
LAR,2013,Away,0,6
LAR,2013,Away,1,2
LAR,2013,Home,0,3
LAR,2013,Home,1,5
LAR,2014,Away,0,4
LAR,2014,Away,1,4
LAR,2014,Home,0,5
LAR,2014,Home,1,3
LAR,2015,Away,0,6
LAR,2015,Away,1,2
LAR,2015,Home,0,3
LAR,2015,Home,1,5
LAR,2016,Away,0,5
LAR,2016,Away,1,3
LAR,2016,Home,0,6
LAR,2016,Home,1,1
LAR,2017,Away,0,3
LAR,2017,Away,1,5
LAR,2017,Home,0,4
LAR,2017,Home,1,3
LAR,2018,Away,0,4
LAR,2018,Away,1,4
LAR,2018,Home,0,5
LAR,2018,Home,1,3
LAR,2019,Away,0,2
LAR,2019,Away,1,6
LAR,2019,Home,0,4
LAR,2019,Home,1,3
ARI,2000,Away,0,7
ARI,2000,Away,1,1
ARI,2000,Home,0,5
ARI,2000,Home,1,3
ARI,2001,Away,0,2
ARI,2001,Away,1,6
ARI,2001,Home,0,5
ARI,2001,Home,1,3
ARI,2002,Away,0,5
ARI,2002,Away,1,3
ARI,2002,Home,0,5
ARI,2002,Home,1,3
ARI,2003,Away,1,0
ARI,2003,Away,0,8
ARI,2003,Home,0,2
ARI,2003,Home,1,6
ARI,2004,Away,0,4
ARI,2004,Away,1,4
ARI,2004,Home,0,3
ARI,2004,Home,1,5
ARI,2005,Away,0,5
ARI,2005,Away,1,3
ARI,2005,Home,0,5
ARI,2005,Home,1,2
ARI,2006,Away,0,4
ARI,2006,Away,1,4
ARI,2006,Home,0,4
ARI,2006,Home,1,4
ARI,2007,Away,0,5
ARI,2007,Away,1,3
ARI,2007,Home,0,3
ARI,2007,Home,1,5
ARI,2008,Away,0,4
ARI,2008,Away,1,4
ARI,2008,Home,0,3
ARI,2008,Home,1,5
ARI,2009,Away,0,4
ARI,2009,Away,1,4
ARI,2009,Home,0,4
ARI,2009,Home,1,4
ARI,2010,Away,0,6
ARI,2010,Away,1,2
ARI,2010,Home,0,5
ARI,2010,Home,1,3
ARI,2011,Away,0,4
ARI,2011,Away,1,4
ARI,2011,Home,0,4
ARI,2011,Home,1,4
ARI,2012,Away,0,4
ARI,2012,Away,1,4
ARI,2012,Home,0,5
ARI,2012,Home,1,3
ARI,2013,Away,0,3
ARI,2013,Away,1,5
ARI,2013,Home,0,3
ARI,2013,Home,1,5
ARI,2014,Away,0,3
ARI,2014,Away,1,5
ARI,2014,Home,0,2
ARI,2014,Home,1,6
ARI,2015,Away,0,2
ARI,2015,Away,1,6
ARI,2015,Home,0,5
ARI,2015,Home,1,3
ARI,2016,Away,0,5
ARI,2016,Away,1,3
ARI,2016,Home,0,5
ARI,2016,Home,1,3
ARI,2017,Away,0,5
ARI,2017,Away,1,2
ARI,2017,Home,0,4
ARI,2017,Home,1,4
ARI,2018,Away,0,4
ARI,2018,Away,1,4
ARI,2018,Home,0,5
ARI,2018,Home,1,3
ARI,2019,Away,0,3
ARI,2019,Away,1,5
ARI,2019,Home,0,4
ARI,2019,Home,1,4
BAL,2000,Away,0,3
BAL,2000,Away,1,5
BAL,2000,Home,0,3
BAL,2000,Home,1,5
BAL,2001,Away,0,5
BAL,2001,Away,1,3
BAL,2001,Home,0,3
BAL,2001,Home,1,5
BAL,2002,Away,0,2
BAL,2002,Away,1,6
BAL,2002,Home,0,4
BAL,2002,Home,1,4
BAL,2003,Away,0,4
BAL,2003,Away,1,4
BAL,2003,Home,0,4
BAL,2003,Home,1,4
BAL,2004,Away,0,4
BAL,2004,Away,1,4
BAL,2004,Home,0,3
BAL,2004,Home,1,5
BAL,2005,Away,0,6
BAL,2005,Away,1,2
BAL,2005,Home,0,3
BAL,2005,Home,1,5
BAL,2006,Away,0,4
BAL,2006,Away,1,4
BAL,2006,Home,0,2
BAL,2006,Home,1,6
BAL,2007,Away,0,8
BAL,2007,Home,0,5
BAL,2007,Home,1,3
BAL,2008,Away,0,2
BAL,2008,Away,1,6
BAL,2008,Home,0,2
BAL,2008,Home,1,6
BAL,2009,Away,0,5
BAL,2009,Away,1,3
BAL,2009,Home,0,3
BAL,2009,Home,1,5
BAL,2010,Away,0,3
BAL,2010,Away,1,5
BAL,2010,Home,0,5
BAL,2010,Home,1,3
BAL,2011,Away,0,4
BAL,2011,Away,1,4
BAL,2011,Home,0,4
BAL,2011,Home,1,4
BAL,2012,Away,0,5
BAL,2012,Away,1,3
BAL,2012,Home,0,5
BAL,2012,Home,1,3
BAL,2013,Away,0,5
BAL,2013,Away,1,3
BAL,2013,Home,0,4
BAL,2013,Home,1,4
BAL,2014,Away,0,5
BAL,2014,Away,1,3
BAL,2014,Home,0,4
BAL,2014,Home,1,4
BAL,2015,Away,0,4
BAL,2015,Away,1,4
BAL,2015,Home,0,7
BAL,2015,Home,1,1
BAL,2016,Away,0,6
BAL,2016,Away,1,2
BAL,2016,Home,0,3
BAL,2016,Home,1,5
BAL,2017,Away,0,2
BAL,2017,Away,1,5
BAL,2017,Home,0,5
BAL,2017,Home,1,3
BAL,2018,Away,0,3
BAL,2018,Away,1,5
BAL,2018,Home,0,5
BAL,2018,Home,1,3
BAL,2019,Away,0,2
BAL,2019,Away,1,6
BAL,2019,Home,0,4
BAL,2019,Home,1,4
CIN,2000,Away,0,5
CIN,2000,Away,1,3
CIN,2000,Home,0,4
CIN,2000,Home,1,4
CIN,2001,Away,0,5
CIN,2001,Away,1,3
CIN,2001,Home,0,3
CIN,2001,Home,1,5
CIN,2002,Away,0,5
CIN,2002,Away,1,3
CIN,2002,Home,0,7
CIN,2002,Home,1,1
CIN,2003,Away,0,3
CIN,2003,Away,1,5
CIN,2003,Home,0,4
CIN,2003,Home,1,4
CIN,2004,Away,0,4
CIN,2004,Away,1,4
CIN,2004,Home,0,5
CIN,2004,Home,1,3
CIN,2005,Away,0,2
CIN,2005,Away,1,6
CIN,2005,Home,0,6
CIN,2005,Home,1,2
CIN,2006,Away,0,3
CIN,2006,Away,1,5
CIN,2006,Home,0,5
CIN,2006,Home,1,3
CIN,2007,Away,0,6
CIN,2007,Away,1,2
CIN,2007,Home,0,4
CIN,2007,Home,1,4
CIN,2008,Away,0,5
CIN,2008,Away,1,3
CIN,2008,Home,0,4
CIN,2008,Home,1,4
CIN,2009,Away,0,4
CIN,2009,Away,1,4
CIN,2009,Home,0,5
CIN,2009,Home,1,3
CIN,2010,Away,0,5
CIN,2010,Away,1,3
CIN,2010,Home,0,4
CIN,2010,Home,1,4
CIN,2011,Away,0,3
CIN,2011,Away,1,5
CIN,2011,Home,0,5
CIN,2011,Home,1,3
CIN,2012,Away,0,2
CIN,2012,Away,1,6
CIN,2012,Home,0,5
CIN,2012,Home,1,3
CIN,2013,Away,0,6
CIN,2013,Away,1,2
CIN,2013,Home,1,8
CIN,2014,Away,0,4
CIN,2014,Away,1,4
CIN,2014,Home,0,4
CIN,2014,Home,1,4
CIN,2015,Away,1,8
CIN,2015,Home,0,4
CIN,2015,Home,1,4
CIN,2016,Away,0,6
CIN,2016,Away,1,2
CIN,2016,Home,0,3
CIN,2016,Home,1,4
CIN,2017,Away,0,3
CIN,2017,Away,1,5
CIN,2017,Home,0,4
CIN,2017,Home,1,4
CIN,2018,Away,0,2
CIN,2018,Away,1,6
CIN,2018,Home,0,5
CIN,2018,Home,1,3
CIN,2019,Away,0,3
CIN,2019,Away,1,4
CIN,2019,Home,0,5
CIN,2019,Home,1,3
DEN,2000,Away,0,2
DEN,2000,Away,1,6
DEN,2000,Home,0,5
DEN,2000,Home,1,3
DEN,2001,Away,0,7
DEN,2001,Away,1,1
DEN,2001,Home,0,2
DEN,2001,Home,1,6
DEN,2002,Away,0,5
DEN,2002,Away,1,3
DEN,2002,Home,0,4
DEN,2002,Home,1,4
DEN,2003,Away,0,3
DEN,2003,Away,1,5
DEN,2003,Home,0,5
DEN,2003,Home,1,3
DEN,2004,Away,0,5
DEN,2004,Away,1,3
DEN,2004,Home,0,4
DEN,2004,Home,1,4
DEN,2005,Away,0,2
DEN,2005,Away,1,6
DEN,2005,Home,0,3
DEN,2005,Home,1,5
DEN,2006,Away,0,4
DEN,2006,Away,1,4
DEN,2006,Home,0,7
DEN,2006,Home,1,1
DEN,2007,Away,0,7
DEN,2007,Away,1,1
DEN,2007,Home,0,4
DEN,2007,Home,1,4
DEN,2008,Away,0,4
DEN,2008,Away,1,4
DEN,2008,Home,0,8
DEN,2009,Away,0,3
DEN,2009,Away,1,5
DEN,2009,Home,0,4
DEN,2009,Home,1,4
DEN,2010,Away,0,5
DEN,2010,Away,1,2
DEN,2010,Home,0,5
DEN,2010,Home,1,3
DEN,2011,Away,0,2
DEN,2011,Away,1,6
DEN,2011,Home,0,7
DEN,2011,Home,1,1
DEN,2012,Away,0,3
DEN,2012,Away,1,5
DEN,2012,Home,0,2
DEN,2012,Home,1,6
DEN,2013,Away,0,3
DEN,2013,Away,1,5
DEN,2013,Home,0,3
DEN,2013,Home,1,5
DEN,2014,Away,0,4
DEN,2014,Away,1,4
DEN,2014,Home,0,4
DEN,2014,Home,1,4
DEN,2015,Away,0,3
DEN,2015,Away,1,5
DEN,2015,Home,0,5
DEN,2015,Home,1,3
DEN,2016,Away,0,4
DEN,2016,Away,1,4
DEN,2016,Home,0,3
DEN,2016,Home,1,5
DEN,2017,Away,0,7
DEN,2017,Away,1,1
DEN,2017,Home,0,5
DEN,2017,Home,1,3
DEN,2018,Away,0,4
DEN,2018,Away,1,4
DEN,2018,Home,0,6
DEN,2018,Home,1,2
DEN,2019,Away,0,4
DEN,2019,Away,1,4
DEN,2019,Home,0,3
DEN,2019,Home,1,5
DET,2000,Away,0,2
DET,2000,Away,1,6
DET,2000,Home,0,5
DET,2000,Home,1,3
DET,2001,Away,0,4
DET,2001,Away,1,4
DET,2001,Home,0,3
DET,2001,Home,1,5
DET,2002,Away,0,6
DET,2002,Away,1,2
DET,2002,Home,0,3
DET,2002,Home,1,5
DET,2003,Away,0,4
DET,2003,Away,1,4
DET,2003,Home,0,3
DET,2003,Home,1,5
DET,2004,Away,0,3
DET,2004,Away,1,5
DET,2004,Home,0,5
DET,2004,Home,1,3
DET,2005,Away,0,3
DET,2005,Away,1,4
DET,2005,Home,0,5
DET,2005,Home,1,3
DET,2006,Away,0,6
DET,2006,Away,1,2
DET,2006,Home,0,4
DET,2006,Home,1,4
DET,2007,Away,0,6
DET,2007,Away,1,2
DET,2007,Home,0,4
DET,2007,Home,1,4
DET,2008,Away,0,2
DET,2008,Away,1,6
DET,2008,Home,0,7
DET,2008,Home,1,1
DET,2009,Away,0,7
DET,2009,Away,1,1
DET,2009,Home,0,5
DET,2009,Home,1,3
DET,2010,Away,0,3
DET,2010,Away,1,5
DET,2010,Home,0,1
DET,2010,Home,1,7
DET,2011,Away,0,5
DET,2011,Away,1,3
DET,2011,Home,0,4
DET,2011,Home,1,4
DET,2012,Away,0,5
DET,2012,Away,1,3
DET,2012,Home,0,5
DET,2012,Home,1,3
DET,2013,Away,0,5
DET,2013,Away,1,3
DET,2013,Home,0,5
DET,2013,Home,1,3
DET,2014,Away,0,5
DET,2014,Away,1,2
DET,2014,Home,0,3
DET,2014,Home,1,5
DET,2015,Away,0,3
DET,2015,Away,1,4
DET,2015,Home,0,5
DET,2015,Home,1,3
DET,2016,Away,0,5
DET,2016,Away,1,3
DET,2016,Home,0,3
DET,2016,Home,1,5
DET,2017,Away,0,4
DET,2017,Away,1,4
DET,2017,Home,0,4
DET,2017,Home,1,4
DET,2018,Away,0,2
DET,2018,Away,1,6
DET,2018,Home,0,5
DET,2018,Home,1,3
DET,2019,Away,0,6
DET,2019,Away,1,2
DET,2019,Home,0,4
DET,2019,Home,1,4
IND,2000,Away,0,4
IND,2000,Away,1,4
IND,2000,Home,0,3
IND,2000,Home,1,5
IND,2001,Away,0,5
IND,2001,Away,1,3
IND,2001,Home,0,5
IND,2001,Home,1,3
IND,2002,Away,0,4
IND,2002,Away,1,4
IND,2002,Home,0,6
IND,2002,Home,1,2
IND,2003,Away,0,3
IND,2003,Away,1,5
IND,2003,Home,0,4
IND,2003,Home,1,4
IND,2004,Away,0,4
IND,2004,Away,1,4
IND,2004,Home,0,3
IND,2004,Home,1,5
IND,2005,Away,0,1
IND,2005,Away,1,7
IND,2005,Home,0,5
IND,2005,Home,1,3
IND,2006,Away,0,5
IND,2006,Away,1,3
IND,2006,Home,0,3
IND,2006,Home,1,5
IND,2007,Away,0,4
IND,2007,Away,1,4
IND,2007,Home,0,3
IND,2007,Home,1,5
IND,2008,Away,0,4
IND,2008,Away,1,4
IND,2008,Home,0,5
IND,2008,Home,1,3
IND,2009,Away,0,1
IND,2009,Away,1,7
IND,2009,Home,0,5
IND,2009,Home,1,3
IND,2010,Away,0,4
IND,2010,Away,1,4
IND,2010,Home,0,4
IND,2010,Home,1,4
IND,2011,Away,0,5
IND,2011,Away,1,3
IND,2011,Home,0,5
IND,2011,Home,1,3
IND,2012,Away,0,4
IND,2012,Away,1,4
IND,2012,Home,0,2
IND,2012,Home,1,6
IND,2013,Away,0,4
IND,2013,Away,1,4
IND,2013,Home,0,3
IND,2013,Home,1,5
IND,2014,Away,0,3
IND,2014,Away,1,5
IND,2014,Home,0,3
IND,2014,Home,1,5
IND,2015,Away,0,4
IND,2015,Away,1,4
IND,2015,Home,0,4
IND,2015,Home,1,4
IND,2016,Away,0,3
IND,2016,Away,1,4
IND,2016,Home,0,5
IND,2016,Home,1,3
IND,2017,Away,0,5
IND,2017,Away,1,3
IND,2017,Home,0,3
IND,2017,Home,1,5
IND,2018,Away,0,3
IND,2018,Away,1,5
IND,2018,Home,0,5
IND,2018,Home,1,3
IND,2019,Away,0,5
IND,2019,Away,1,3
IND,2019,Home,0,4
IND,2019,Home,1,4
PHI,2000,Away,0,2
PHI,2000,Away,1,6
PHI,2000,Home,0,4
PHI,2000,Home,1,4
PHI,2001,Away,0,1
PHI,2001,Away,1,7
PHI,2001,Home,0,5
PHI,2001,Home,1,3
PHI,2002,Away,0,4
PHI,2002,Away,1,4
PHI,2002,Home,0,2
PHI,2002,Home,1,6
PHI,2003,Away,0,1
PHI,2003,Away,1,7
PHI,2003,Home,0,4
PHI,2003,Home,1,4
PHI,2004,Away,0,4
PHI,2004,Away,1,4
PHI,2004,Home,0,3
PHI,2004,Home,1,5
PHI,2005,Away,0,6
PHI,2005,Away,1,2
PHI,2005,Home,0,6
PHI,2005,Home,1,2
PHI,2006,Away,0,4
PHI,2006,Away,1,4
PHI,2006,Home,0,4
PHI,2006,Home,1,4
PHI,2007,Away,0,2
PHI,2007,Away,1,6
PHI,2007,Home,0,6
PHI,2007,Home,1,2
PHI,2008,Away,0,4
PHI,2008,Away,1,4
PHI,2008,Home,0,2
PHI,2008,Home,1,6
PHI,2009,Away,0,3
PHI,2009,Away,1,5
PHI,2009,Home,0,4
PHI,2009,Home,1,4
PHI,2010,Away,0,4
PHI,2010,Away,1,4
PHI,2010,Home,0,5
PHI,2010,Home,1,3
PHI,2011,Away,0,3
PHI,2011,Away,1,5
PHI,2011,Home,0,5
PHI,2011,Home,1,3
PHI,2012,Away,0,5
PHI,2012,Away,1,3
PHI,2012,Home,0,7
PHI,2012,Home,1,1
PHI,2013,Away,0,3
PHI,2013,Away,1,5
PHI,2013,Home,0,5
PHI,2013,Home,1,3
PHI,2014,Away,0,4
PHI,2014,Away,1,4
PHI,2014,Home,0,3
PHI,2014,Home,1,5
PHI,2015,Away,0,4
PHI,2015,Away,1,4
PHI,2015,Home,0,5
PHI,2015,Home,1,3
PHI,2016,Away,0,6
PHI,2016,Away,1,2
PHI,2016,Home,0,2
PHI,2016,Home,1,6
PHI,2017,Away,0,3
PHI,2017,Away,1,5
PHI,2017,Home,0,3
PHI,2017,Home,1,5
PHI,2018,Away,0,4
PHI,2018,Away,1,3
PHI,2018,Home,0,5
PHI,2018,Home,1,3
PHI,2019,Away,0,4
PHI,2019,Away,1,4
PHI,2019,Home,0,5
PHI,2019,Home,1,3
LAC,2000,Away,0,3
LAC,2000,Away,1,5
LAC,2000,Home,0,6
LAC,2000,Home,1,2
LAC,2001,Away,0,6
LAC,2001,Away,1,2
LAC,2001,Home,0,5
LAC,2001,Home,1,3
LAC,2002,Away,0,4
LAC,2002,Away,1,4
LAC,2002,Home,0,4
LAC,2002,Home,1,4
LAC,2003,Away,0,5
LAC,2003,Away,1,3
LAC,2003,Home,0,4
LAC,2003,Home,1,3
LAC,2004,Away,0,1
LAC,2004,Away,1,7
LAC,2004,Home,0,2
LAC,2004,Home,1,6
LAC,2005,Away,0,3
LAC,2005,Away,1,5
LAC,2005,Home,0,4
LAC,2005,Home,1,4
LAC,2006,Away,0,4
LAC,2006,Away,1,4
LAC,2006,Home,0,3
LAC,2006,Home,1,5
LAC,2007,Away,0,4
LAC,2007,Away,1,4
LAC,2007,Home,0,1
LAC,2007,Home,1,7
LAC,2008,Away,0,4
LAC,2008,Away,1,3
LAC,2008,Home,0,4
LAC,2008,Home,1,4
LAC,2009,Away,0,3
LAC,2009,Away,1,5
LAC,2009,Home,0,5
LAC,2009,Home,1,3
LAC,2010,Away,0,5
LAC,2010,Away,1,3
LAC,2010,Home,0,2
LAC,2010,Home,1,6
LAC,2011,Away,0,5
LAC,2011,Away,1,3
LAC,2011,Home,0,5
LAC,2011,Home,1,3
LAC,2012,Away,0,3
LAC,2012,Away,1,5
LAC,2012,Home,0,6
LAC,2012,Home,1,2
LAC,2013,Away,0,4
LAC,2013,Away,1,4
LAC,2013,Home,0,3
LAC,2013,Home,1,5
LAC,2014,Away,0,4
LAC,2014,Away,1,4
LAC,2014,Home,0,5
LAC,2014,Home,1,3
LAC,2015,Away,0,2
LAC,2015,Away,1,6
LAC,2015,Home,0,6
LAC,2015,Home,1,2
LAC,2016,Away,0,4
LAC,2016,Away,1,4
LAC,2016,Home,0,5
LAC,2016,Home,1,3
LAC,2017,Away,0,3
LAC,2017,Away,1,5
LAC,2017,Home,0,4
LAC,2017,Home,1,4
LAC,2018,Away,0,1
LAC,2018,Away,1,7
LAC,2018,Home,0,5
LAC,2018,Home,1,2
LAC,2019,Away,0,5
LAC,2019,Away,1,3
LAC,2019,Home,0,6
LAC,2019,Home,1,1
SF,2000,Away,0,5
SF,2000,Away,1,3
SF,2000,Home,0,4
SF,2000,Home,1,4
SF,2001,Away,0,4
SF,2001,Away,1,4
SF,2001,Home,0,3
SF,2001,Home,1,5
SF,2002,Away,0,6
SF,2002,Away,1,2
SF,2002,Home,0,6
SF,2002,Home,1,2
SF,2003,Away,0,6
SF,2003,Away,1,2
SF,2003,Home,0,3
SF,2003,Home,1,5
SF,2004,Away,0,4
SF,2004,Away,1,4
SF,2004,Home,0,6
SF,2004,Home,1,2
SF,2005,Away,0,4
SF,2005,Away,1,3
SF,2005,Home,0,3
SF,2005,Home,1,5
SF,2006,Away,0,3
SF,2006,Away,1,5
SF,2006,Home,0,4
SF,2006,Home,1,4
SF,2007,Away,0,6
SF,2007,Away,1,2
SF,2007,Home,0,5
SF,2007,Home,1,3
SF,2008,Away,0,4
SF,2008,Away,1,4
SF,2008,Home,0,5
SF,2008,Home,1,3
SF,2009,Away,0,4
SF,2009,Away,1,4
SF,2009,Home,0,3
SF,2009,Home,1,5
SF,2010,Away,0,6
SF,2010,Away,1,2
SF,2010,Home,0,3
SF,2010,Home,1,4
SF,2011,Away,0,4
SF,2011,Away,1,4
SF,2011,Home,0,1
SF,2011,Home,1,7
SF,2012,Away,0,3
SF,2012,Away,1,5
SF,2012,Home,0,4
SF,2012,Home,1,4
SF,2013,Away,0,1
SF,2013,Away,1,6
SF,2013,Home,0,4
SF,2013,Home,1,4
SF,2014,Away,0,4
SF,2014,Away,1,4
SF,2014,Home,0,6
SF,2014,Home,1,2
SF,2015,Away,0,6
SF,2015,Away,1,2
SF,2015,Home,0,3
SF,2015,Home,1,5
SF,2016,Away,0,6
SF,2016,Away,1,2
SF,2016,Home,0,6
SF,2016,Home,1,2
SF,2017,Away,0,2
SF,2017,Away,1,6
SF,2017,Home,0,6
SF,2017,Home,1,2
SF,2018,Away,0,6
SF,2018,Away,1,2
SF,2018,Home,0,5
SF,2018,Home,1,3
SF,2019,Away,0,2
SF,2019,Away,1,6
SF,2019,Home,0,5
SF,2019,Home,1,3
SEA,2000,Away,0,4
SEA,2000,Away,1,4
SEA,2000,Home,0,5
SEA,2000,Home,1,3
SEA,2001,Away,0,7
SEA,2001,Away,1,1
SEA,2001,Home,0,4
SEA,2001,Home,1,4
SEA,2002,Away,0,2
SEA,2002,Away,1,6
SEA,2002,Home,0,5
SEA,2002,Home,1,3
SEA,2003,Away,0,5
SEA,2003,Away,1,3
SEA,2003,Home,0,3
SEA,2003,Home,1,5
SEA,2004,Away,0,4
SEA,2004,Away,1,4
SEA,2004,Home,0,7
SEA,2004,Home,1,1
SEA,2005,Away,0,5
SEA,2005,Away,1,3
SEA,2005,Home,0,2
SEA,2005,Home,1,6
SEA,2006,Away,0,6
SEA,2006,Away,1,2
SEA,2006,Home,0,4
SEA,2006,Home,1,4
SEA,2007,Away,0,5
SEA,2007,Away,1,3
SEA,2007,Home,0,2
SEA,2007,Home,1,6
SEA,2008,Away,0,4
SEA,2008,Away,1,4
SEA,2008,Home,0,5
SEA,2008,Home,1,3
SEA,2009,Away,0,7
SEA,2009,Away,1,1
SEA,2009,Home,0,3
SEA,2009,Home,1,5
SEA,2010,Away,0,6
SEA,2010,Away,1,2
SEA,2010,Home,0,3
SEA,2010,Home,1,5
SEA,2011,Away,0,4
SEA,2011,Away,1,4
SEA,2011,Home,0,2
SEA,2011,Home,1,6
SEA,2012,Away,0,4
SEA,2012,Away,1,3
SEA,2012,Home,0,1
SEA,2012,Home,1,7
SEA,2013,Away,0,3
SEA,2013,Away,1,5
SEA,2013,Home,0,3
SEA,2013,Home,1,5
SEA,2014,Away,0,4
SEA,2014,Away,1,4
SEA,2014,Home,0,3
SEA,2014,Home,1,5
SEA,2015,Away,0,4
SEA,2015,Away,1,4
SEA,2015,Home,0,4
SEA,2015,Home,1,4
SEA,2016,Away,0,5
SEA,2016,Away,1,3
SEA,2016,Home,0,3
SEA,2016,Home,1,5
SEA,2017,Away,0,4
SEA,2017,Away,1,4
SEA,2017,Home,0,6
SEA,2017,Home,1,2
SEA,2018,Away,0,4
SEA,2018,Away,1,3
SEA,2018,Home,0,3
SEA,2018,Home,1,5
SEA,2019,Away,0,3
SEA,2019,Away,1,5
SEA,2019,Home,0,6
SEA,2019,Home,1,2
TB,2000,Away,0,4
TB,2000,Away,1,4
TB,2000,Home,0,3
TB,2000,Home,1,5
TB,2001,Away,0,6
TB,2001,Away,1,2
TB,2001,Home,0,4
TB,2001,Home,1,4
TB,2002,Away,0,4
TB,2002,Away,1,4
TB,2002,Home,0,2
TB,2002,Home,1,6
TB,2003,Away,0,4
TB,2003,Away,1,4
TB,2003,Home,0,6
TB,2003,Home,1,2
TB,2004,Away,0,7
TB,2004,Away,1,1
TB,2004,Home,0,4
TB,2004,Home,1,4
TB,2005,Away,0,4
TB,2005,Away,1,4
TB,2005,Home,0,4
TB,2005,Home,1,4
TB,2006,Away,0,5
TB,2006,Away,1,3
TB,2006,Home,0,5
TB,2006,Home,1,3
TB,2007,Away,0,5
TB,2007,Away,1,3
TB,2007,Home,0,2
TB,2007,Home,1,6
TB,2008,Away,0,4
TB,2008,Away,1,4
TB,2008,Home,0,4
TB,2008,Home,1,4
TB,2009,Away,0,3
TB,2009,Away,1,5
TB,2009,Home,0,6
TB,2009,Home,1,1
TB,2010,Away,0,1
TB,2010,Away,1,7
TB,2010,Home,0,5
TB,2010,Home,1,3
TB,2011,Away,0,6
TB,2011,Away,1,2
TB,2011,Home,0,5
TB,2011,Home,1,2
TB,2012,Away,0,2
TB,2012,Away,1,6
TB,2012,Home,0,4
TB,2012,Home,1,4
TB,2013,Away,0,6
TB,2013,Away,1,2
TB,2013,Home,0,4
TB,2013,Home,1,4
TB,2014,Away,0,3
TB,2014,Away,1,5
TB,2014,Home,0,6
TB,2014,Home,1,2
TB,2015,Away,0,4
TB,2015,Away,1,4
TB,2015,Home,0,5
TB,2015,Home,1,3
TB,2016,Away,0,2
TB,2016,Away,1,6
TB,2016,Home,0,5
TB,2016,Home,1,3
TB,2017,Away,0,6
TB,2017,Away,1,2
TB,2017,Home,0,4
TB,2017,Home,1,4
TB,2018,Away,0,4
TB,2018,Away,1,4
TB,2018,Home,0,4
TB,2018,Home,1,4
TB,2019,Away,0,3
TB,2019,Away,1,5
TB,2019,Home,0,7
TEN,2000,Away,0,5
TEN,2000,Away,1,3
TEN,2000,Home,0,4
TEN,2000,Home,1,4
TEN,2001,Away,0,5
TEN,2001,Away,1,3
TEN,2001,Home,0,6
TEN,2001,Home,1,2
TEN,2002,Away,0,3
TEN,2002,Away,1,5
TEN,2002,Home,0,3
TEN,2002,Home,1,5
TEN,2003,Away,0,4
TEN,2003,Away,1,4
TEN,2003,Home,0,3
TEN,2003,Home,1,5
TEN,2004,Away,0,5
TEN,2004,Away,1,3
TEN,2004,Home,0,6
TEN,2004,Home,1,2
TEN,2005,Away,0,6
TEN,2005,Away,1,2
TEN,2005,Home,0,4
TEN,2005,Home,1,4
TEN,2006,Away,0,2
TEN,2006,Away,1,6
TEN,2006,Home,0,3
TEN,2006,Home,1,5
TEN,2007,Away,0,3
TEN,2007,Away,1,5
TEN,2007,Home,0,5
TEN,2007,Home,1,3
TEN,2008,Away,0,2
TEN,2008,Away,1,6
TEN,2008,Home,0,2
TEN,2008,Home,1,6
TEN,2009,Away,0,5
TEN,2009,Away,1,3
TEN,2009,Home,0,4
TEN,2009,Home,1,4
TEN,2010,Away,0,4
TEN,2010,Away,1,4
TEN,2010,Home,0,4
TEN,2010,Home,1,4
TEN,2011,Away,0,4
TEN,2011,Away,1,4
TEN,2011,Home,0,5
TEN,2011,Home,1,3
TEN,2012,Away,0,6
TEN,2012,Away,1,2
TEN,2012,Home,0,4
TEN,2012,Home,1,4
TEN,2013,Away,0,3
TEN,2013,Away,1,5
TEN,2013,Home,0,7
TEN,2013,Home,1,1
TEN,2014,Away,0,6
TEN,2014,Away,1,2
TEN,2014,Home,0,7
TEN,2014,Home,1,1
TEN,2015,Away,0,6
TEN,2015,Away,1,2
TEN,2015,Home,0,6
TEN,2015,Home,1,2
TEN,2016,Away,0,5
TEN,2016,Away,1,3
TEN,2016,Home,0,4
TEN,2016,Home,1,4
TEN,2017,Away,0,5
TEN,2017,Away,1,3
TEN,2017,Home,0,3
TEN,2017,Home,1,5
TEN,2018,Away,0,4
TEN,2018,Away,1,3
TEN,2018,Home,0,4
TEN,2018,Home,1,4
TEN,2019,Away,0,3
TEN,2019,Away,1,5
TEN,2019,Home,0,4
TEN,2019,Home,1,4
NYJ,2000,Away,0,3
NYJ,2000,Away,1,5
NYJ,2000,Home,0,6
NYJ,2000,Home,1,2
NYJ,2001,Away,0,2
NYJ,2001,Away,1,6
NYJ,2001,Home,0,6
NYJ,2001,Home,1,2
NYJ,2002,Away,0,4
NYJ,2002,Away,1,4
NYJ,2002,Home,0,3
NYJ,2002,Home,1,5
NYJ,2003,Away,0,6
NYJ,2003,Away,1,2
NYJ,2003,Home,0,4
NYJ,2003,Home,1,4
NYJ,2004,Away,0,4
NYJ,2004,Away,1,4
NYJ,2004,Home,0,4
NYJ,2004,Home,1,4
NYJ,2005,Away,0,7
NYJ,2005,Away,1,1
NYJ,2005,Home,0,3
NYJ,2005,Home,1,5
NYJ,2006,Away,0,2
NYJ,2006,Away,1,6
NYJ,2006,Home,0,3
NYJ,2006,Home,1,5
NYJ,2007,Away,0,4
NYJ,2007,Away,1,4
NYJ,2007,Home,0,6
NYJ,2007,Home,1,2
NYJ,2008,Away,0,4
NYJ,2008,Away,1,4
NYJ,2008,Home,0,5
NYJ,2008,Home,1,3
NYJ,2009,Away,0,3
NYJ,2009,Away,1,4
NYJ,2009,Home,0,4
NYJ,2009,Home,1,4
NYJ,2010,Away,0,3
NYJ,2010,Away,1,5
NYJ,2010,Home,0,4
NYJ,2010,Home,1,4
NYJ,2011,Away,0,6
NYJ,2011,Away,1,2
NYJ,2011,Home,0,4
NYJ,2011,Home,1,4
NYJ,2012,Away,0,5
NYJ,2012,Away,1,3
NYJ,2012,Home,0,5
NYJ,2012,Home,1,3
NYJ,2013,Away,0,5
NYJ,2013,Away,1,3
NYJ,2013,Home,0,2
NYJ,2013,Home,1,6
NYJ,2014,Away,0,5
NYJ,2014,Away,1,3
NYJ,2014,Home,0,5
NYJ,2014,Home,1,3
NYJ,2015,Away,0,5
NYJ,2015,Away,1,2
NYJ,2015,Home,0,3
NYJ,2015,Home,1,5
NYJ,2016,Away,0,5
NYJ,2016,Away,1,3
NYJ,2016,Home,0,5
NYJ,2016,Home,1,3
NYJ,2017,Away,0,5
NYJ,2017,Away,1,3
NYJ,2017,Home,0,2
NYJ,2017,Home,1,6
NYJ,2018,Away,0,5
NYJ,2018,Away,1,3
NYJ,2018,Home,0,6
NYJ,2018,Home,1,2
NYJ,2019,Away,0,5
NYJ,2019,Away,1,3
NYJ,2019,Home,0,4
NYJ,2019,Home,1,4
CAR,2000,Away,0,4
CAR,2000,Away,1,4
CAR,2000,Home,0,4
CAR,2000,Home,1,4
CAR,2001,Away,0,5
CAR,2001,Away,1,3
CAR,2001,Home,0,4
CAR,2001,Home,1,4
CAR,2002,Away,0,3
CAR,2002,Away,1,5
CAR,2002,Home,0,3
CAR,2002,Home,1,5
CAR,2003,Away,0,4
CAR,2003,Away,1,4
CAR,2003,Home,0,6
CAR,2003,Home,1,2
CAR,2004,Away,0,1
CAR,2004,Away,1,7
CAR,2004,Home,0,5
CAR,2004,Home,1,3
CAR,2005,Away,0,3
CAR,2005,Away,1,5
CAR,2005,Home,0,4
CAR,2005,Home,1,4
CAR,2006,Away,0,5
CAR,2006,Away,1,3
CAR,2006,Home,0,5
CAR,2006,Home,1,3
CAR,2007,Away,0,3
CAR,2007,Away,1,5
CAR,2007,Home,0,5
CAR,2007,Home,1,3
CAR,2008,Away,0,4
CAR,2008,Away,1,4
CAR,2008,Home,0,3
CAR,2008,Home,1,5
CAR,2009,Away,0,3
CAR,2009,Away,1,5
CAR,2009,Home,0,4
CAR,2009,Home,1,4
CAR,2010,Away,0,6
CAR,2010,Away,1,2
CAR,2010,Home,0,6
CAR,2010,Home,1,2
CAR,2011,Away,0,4
CAR,2011,Away,1,4
CAR,2011,Home,0,3
CAR,2011,Home,1,5
CAR,2012,Away,0,2
CAR,2012,Away,1,6
CAR,2012,Home,0,5
CAR,2012,Home,1,3
CAR,2013,Away,0,5
CAR,2013,Away,1,3
CAR,2013,Home,0,2
CAR,2013,Home,1,6
CAR,2014,Away,0,4
CAR,2014,Away,1,4
CAR,2014,Home,0,4
CAR,2014,Home,1,4
CAR,2015,Away,0,3
CAR,2015,Away,1,5
CAR,2015,Home,0,2
CAR,2015,Home,1,6
CAR,2016,Away,0,5
CAR,2016,Away,1,3
CAR,2016,Home,0,5
CAR,2016,Home,1,3
CAR,2017,Away,0,3
CAR,2017,Away,1,5
CAR,2017,Home,0,4
CAR,2017,Home,1,4
CAR,2018,Away,0,6
CAR,2018,Away,1,2
CAR,2018,Home,0,3
CAR,2018,Home,1,5
CAR,2019,Away,0,4
CAR,2019,Away,1,3
CAR,2019,Home,0,6
CAR,2019,Home,1,2
CHI,2000,Away,0,4
CHI,2000,Away,1,4
CHI,2000,Home,0,5
CHI,2000,Home,1,3
CHI,2001,Away,0,2
CHI,2001,Away,1,6
CHI,2001,Home,0,3
CHI,2001,Home,1,5
CHI,2002,Away,0,6
CHI,2002,Away,1,2
CHI,2002,Home,0,5
CHI,2002,Home,1,3
CHI,2003,Away,0,6
CHI,2003,Away,1,2
CHI,2003,Home,0,2
CHI,2003,Home,1,6
CHI,2004,Away,0,4
CHI,2004,Away,1,4
CHI,2004,Home,0,6
CHI,2004,Home,1,2
CHI,2005,Away,0,4
CHI,2005,Away,1,4
CHI,2005,Home,0,2
CHI,2005,Home,1,6
CHI,2006,Away,0,4
CHI,2006,Away,1,4
CHI,2006,Home,0,3
CHI,2006,Home,1,5
CHI,2007,Away,0,4
CHI,2007,Away,1,4
CHI,2007,Home,0,5
CHI,2007,Home,1,3
CHI,2008,Away,0,5
CHI,2008,Away,1,3
CHI,2008,Home,0,5
CHI,2008,Home,1,3
CHI,2009,Away,0,6
CHI,2009,Away,1,2
CHI,2009,Home,0,4
CHI,2009,Home,1,4
CHI,2010,Away,0,2
CHI,2010,Away,1,5
CHI,2010,Home,0,4
CHI,2010,Home,1,4
CHI,2011,Away,0,4
CHI,2011,Away,1,3
CHI,2011,Home,0,4
CHI,2011,Home,1,4
CHI,2012,Away,0,4
CHI,2012,Away,1,4
CHI,2012,Home,0,5
CHI,2012,Home,1,3
CHI,2013,Away,0,5
CHI,2013,Away,1,3
CHI,2013,Home,0,7
CHI,2013,Home,1,1
CHI,2014,Away,0,4
CHI,2014,Away,1,4
CHI,2014,Home,0,5
CHI,2014,Home,1,3
CHI,2015,Away,0,2
CHI,2015,Away,1,6
CHI,2015,Home,0,7
CHI,2015,Home,1,1
CHI,2016,Away,0,6
CHI,2016,Away,1,2
CHI,2016,Home,0,3
CHI,2016,Home,1,5
CHI,2017,Away,0,4
CHI,2017,Away,1,4
CHI,2017,Home,0,4
CHI,2017,Home,1,4
CHI,2018,Away,0,3
CHI,2018,Away,1,5
CHI,2018,Home,0,1
CHI,2018,Home,1,7
CHI,2019,Away,0,6
CHI,2019,Away,1,1
CHI,2019,Home,0,5
CHI,2019,Home,1,3
JAX,2000,Away,0,4
JAX,2000,Away,1,4
JAX,2000,Home,0,5
JAX,2000,Home,1,3
JAX,2001,Away,0,4
JAX,2001,Away,1,4
JAX,2001,Home,0,5
JAX,2001,Home,1,3
JAX,2002,Away,0,5
JAX,2002,Away,1,3
JAX,2002,Home,0,3
JAX,2002,Home,1,5
JAX,2003,Away,0,5
JAX,2003,Away,1,3
JAX,2003,Home,0,4
JAX,2003,Home,1,4
JAX,2004,Away,0,3
JAX,2004,Away,1,5
JAX,2004,Home,0,3
JAX,2004,Home,1,5
JAX,2005,Away,0,2
JAX,2005,Away,1,6
JAX,2005,Home,0,5
JAX,2005,Home,1,3
JAX,2006,Away,0,6
JAX,2006,Away,1,2
JAX,2006,Home,0,2
JAX,2006,Home,1,6
JAX,2007,Away,0,2
JAX,2007,Away,1,6
JAX,2007,Home,0,3
JAX,2007,Home,1,5
JAX,2008,Away,0,5
JAX,2008,Away,1,3
JAX,2008,Home,0,7
JAX,2008,Home,1,1
JAX,2009,Away,0,5
JAX,2009,Away,1,3
JAX,2009,Home,0,6
JAX,2009,Home,1,2
JAX,2010,Away,0,4
JAX,2010,Away,1,4
JAX,2010,Home,0,3
JAX,2010,Home,1,5
JAX,2011,Away,0,5
JAX,2011,Away,1,3
JAX,2011,Home,0,4
JAX,2011,Home,1,4
JAX,2012,Away,0,3
JAX,2012,Away,1,5
JAX,2012,Home,0,6
JAX,2012,Home,1,2
JAX,2013,Away,0,4
JAX,2013,Away,1,4
JAX,2013,Home,0,6
JAX,2013,Home,1,1
JAX,2014,Away,0,5
JAX,2014,Away,1,3
JAX,2014,Home,0,4
JAX,2014,Home,1,3
JAX,2015,Away,0,5
JAX,2015,Away,1,3
JAX,2015,Home,0,4
JAX,2015,Home,1,3
JAX,2016,Away,0,3
JAX,2016,Away,1,5
JAX,2016,Home,0,6
JAX,2016,Home,1,1
JAX,2017,Away,0,4
JAX,2017,Away,1,4
JAX,2017,Home,0,3
JAX,2017,Home,1,4
JAX,2018,Away,0,6
JAX,2018,Away,1,2
JAX,2018,Home,0,4
JAX,2018,Home,1,3
JAX,2019,Away,0,4
JAX,2019,Away,1,4
JAX,2019,Home,0,4
JAX,2019,Home,1,3
HOU,2002,Away,0,4
HOU,2002,Away,1,4
HOU,2002,Home,0,5
HOU,2002,Home,1,3
HOU,2003,Away,0,5
HOU,2003,Away,1,3
HOU,2003,Home,0,2
HOU,2003,Home,1,6
HOU,2004,Away,0,4
HOU,2004,Away,1,4
HOU,2004,Home,0,4
HOU,2004,Home,1,4
HOU,2005,Away,0,3
HOU,2005,Away,1,5
HOU,2005,Home,0,6
HOU,2005,Home,1,2
HOU,2006,Away,0,5
HOU,2006,Away,1,3
HOU,2006,Home,0,4
HOU,2006,Home,1,4
HOU,2007,Away,0,6
HOU,2007,Away,1,2
HOU,2007,Home,0,2
HOU,2007,Home,1,6
HOU,2008,Away,0,4
HOU,2008,Away,1,4
HOU,2008,Home,0,3
HOU,2008,Home,1,5
HOU,2009,Away,0,3
HOU,2009,Away,1,5
HOU,2009,Home,0,6
HOU,2009,Home,1,2
HOU,2010,Away,0,6
HOU,2010,Away,1,2
HOU,2010,Home,0,5
HOU,2010,Home,1,3
HOU,2011,Away,0,3
HOU,2011,Away,1,5
HOU,2011,Home,0,3
HOU,2011,Home,1,5
HOU,2012,Away,0,4
HOU,2012,Away,1,4
HOU,2012,Home,0,3
HOU,2012,Home,1,5
HOU,2013,Away,0,5
HOU,2013,Away,1,3
HOU,2013,Home,0,7
HOU,2013,Home,1,1
HOU,2014,Away,0,3
HOU,2014,Away,1,5
HOU,2014,Home,0,4
HOU,2014,Home,1,4
HOU,2015,Away,0,4
HOU,2015,Away,1,4
HOU,2015,Home,0,3
HOU,2015,Home,1,5
HOU,2016,Away,0,5
HOU,2016,Away,1,2
HOU,2016,Home,0,4
HOU,2016,Home,1,4
HOU,2017,Away,0,5
HOU,2017,Away,1,3
HOU,2017,Home,0,5
HOU,2017,Home,1,3
HOU,2018,Away,0,5
HOU,2018,Away,1,3
HOU,2018,Home,0,4
HOU,2018,Home,1,4
HOU,2019,Away,0,3
HOU,2019,Away,1,4
HOU,2019,Home,0,6
HOU,2019,Home,1,2
